run_id,mode,family,mode_interpretation,budget,effective_ants,effective_iterations,effective_max_epochs,seed,iteration,ant_id,candidate_id,dense_units_1,dense_units_2,dropout_1,dropout_2,batch_size,activation,optimizer,loss,learning_rate,fitness,train_accuracy,validation_accuracy,validation_loss,best_epoch,actual_epochs_completed,training_time_seconds,status,failure_reason,semantic_warning,effective_learning_rate,cache_hit,selection_probabilities,is_iteration_best,is_global_best,paper_label_activation,run_status
paper_conventional-runtime_calibration-ants20-iterations1-epochs5-seed-42,paper_conventional,paper_faithful,iteration_based_paper_interpretation,runtime_calibration,20,1,5,42,1,1,f1f4131008257cd2,1024,128,0.7,0.6,16,linear,ftrl,categorical_hinge,,0.10000000149011612,0.09537500143051147,0.10000000149011612,1.0000014305114746,4,5,81.98303412899998,success,,nonstandard_loss_for_multiclass_sparse_labels,0.0010000000474974513,False,"{""activation"": [0.125, 0.125, 0.125, 0.125, 0.125, 0.125, 0.125, 0.125], ""batch_size"": [0.125, 0.125, 0.125, 0.125, 0.125, 0.125, 0.125, 0.125], ""dense_units_1"": [0.125, 0.125, 0.125, 0.125, 0.125, 0.125, 0.125, 0.125], ""dense_units_2"": [0.125, 0.125, 0.125, 0.125, 0.125, 0.125, 0.125, 0.125], ""dropout_1"": [0.125, 0.125, 0.125, 0.125, 0.125, 0.125, 0.125, 0.125], ""dropout_2"": [0.125, 0.125, 0.125, 0.125, 0.125, 0.125, 0.125, 0.125], ""loss"": [0.125, 0.125, 0.125, 0.125, 0.125, 0.125, 0.125, 0.125], ""optimizer"": [0.125, 0.125, 0.125, 0.125, 0.125, 0.125, 0.125, 0.125]}",False,False,linier,success
paper_conventional-runtime_calibration-ants20-iterations1-epochs5-seed-42,paper_conventional,paper_faithful,iteration_based_paper_interpretation,runtime_calibration,20,1,5,42,1,2,fc9c12c60a3c3c6b,32,128,0.3,0.8,512,gelu,adadelta,categorical_crossentropy,,0.04650000110268593,0.08537500351667404,0.04650000110268593,2.306241989135742,1,5,4.730632713999967,success,,nonstandard_loss_for_multiclass_sparse_labels,0.0010000000474974513,False,"{""activation"": [0.125, 0.125, 0.125, 0.125, 0.125, 0.125, 0.125, 0.125], ""batch_size"": [0.125, 0.125, 0.125, 0.125, 0.125, 0.125, 0.125, 0.125], ""dense_units_1"": [0.125, 0.125, 0.125, 0.125, 0.125, 0.125, 0.125, 0.125], ""dense_units_2"": [0.125, 0.125, 0.125, 0.125, 0.125, 0.125, 0.125, 0.125], ""dropout_1"": [0.125, 0.125, 0.125, 0.125, 0.125, 0.125, 0.125, 0.125], ""dropout_2"": [0.125, 0.125, 0.125, 0.125, 0.125, 0.125, 0.125, 0.125], ""loss"": [0.125, 0.125, 0.125, 0.125, 0.125, 0.125, 0.125, 0.125], ""optimizer"": [0.125, 0.125, 0.125, 0.125, 0.125, 0.125, 0.125, 0.125]}",False,False,gelu,success
paper_conventional-runtime_calibration-ants20-iterations1-epochs5-seed-42,paper_conventional,paper_faithful,iteration_based_paper_interpretation,runtime_calibration,20,1,5,42,1,3,f8e0ac9fcbf8ecd8,256,16,0.7,0.6,1024,softplus,nadam,cosine_similarity,,0.2070000022649765,0.7818750143051147,0.2070000022649765,-0.40480151772499084,5,5,6.10456401600004,success,,nonstandard_loss_for_multiclass_sparse_labels,0.0010000000474974513,False,"{""activation"": [0.125, 0.125, 0.125, 0.125, 0.125, 0.125, 0.125, 0.125], ""batch_size"": [0.125, 0.125, 0.125, 0.125, 0.125, 0.125, 0.125, 0.125], ""dense_units_1"": [0.125, 0.125, 0.125, 0.125, 0.125, 0.125, 0.125, 0.125], ""dense_units_2"": [0.125, 0.125, 0.125, 0.125, 0.125, 0.125, 0.125, 0.125], ""dropout_1"": [0.125, 0.125, 0.125, 0.125, 0.125, 0.125, 0.125, 0.125], ""dropout_2"": [0.125, 0.125, 0.125, 0.125, 0.125, 0.125, 0.125, 0.125], ""loss"": [0.125, 0.125, 0.125, 0.125, 0.125, 0.125, 0.125, 0.125], ""optimizer"": [0.125, 0.125, 0.125, 0.125, 0.125, 0.125, 0.125, 0.125]}",False,False,softplus,success
paper_conventional-runtime_calibration-ants20-iterations1-epochs5-seed-42,paper_conventional,paper_faithful,iteration_based_paper_interpretation,runtime_calibration,20,1,5,42,1,4,af6dc82e33a9a221,1024,32,0.4,0.1,32,selu,adamax,cosine_similarity,,0.925000011920929,0.9572499990463257,0.925000011920929,-0.9321689605712891,5,5,16.694165020000128,success,,nonstandard_loss_for_multiclass_sparse_labels,0.0010000000474974513,False,"{""activation"": [0.125, 0.125, 0.125, 0.125, 0.125, 0.125, 0.125, 0.125], ""batch_size"": [0.125, 0.125, 0.125, 0.125, 0.125, 0.125, 0.125, 0.125], ""dense_units_1"": [0.125, 0.125, 0.125, 0.125, 0.125, 0.125, 0.125, 0.125], ""dense_units_2"": [0.125, 0.125, 0.125, 0.125, 0.125, 0.125, 0.125, 0.125], ""dropout_1"": [0.125, 0.125, 0.125, 0.125, 0.125, 0.125, 0.125, 0.125], ""dropout_2"": [0.125, 0.125, 0.125, 0.125, 0.125, 0.125, 0.125, 0.125], ""loss"": [0.125, 0.125, 0.125, 0.125, 0.125, 0.125, 0.125, 0.125], ""optimizer"": [0.125, 0.125, 0.125, 0.125, 0.125, 0.125, 0.125, 0.125]}",False,False,selu,success
paper_conventional-runtime_calibration-ants20-iterations1-epochs5-seed-42,paper_conventional,paper_faithful,iteration_based_paper_interpretation,runtime_calibration,20,1,5,42,1,5,00c607e464065141,64,64,0.4,0.2,32,softsign,rmsprop,squared_hinge,,0.9815000295639038,0.9714999794960022,0.9815000295639038,0.9085631370544434,4,5,15.968540933999975,success,,nonstandard_loss_for_multiclass_sparse_labels,0.0010000000474974513,False,"{""activation"": [0.125, 0.125, 0.125, 0.125, 0.125, 0.125, 0.125, 0.125], ""batch_size"": [0.125, 0.125, 0.125, 0.125, 0.125, 0.125, 0.125, 0.125], ""dense_units_1"": [0.125, 0.125, 0.125, 0.125, 0.125, 0.125, 0.125, 0.125], ""dense_units_2"": [0.125, 0.125, 0.125, 0.125, 0.125, 0.125, 0.125, 0.125], ""dropout_1"": [0.125, 0.125, 0.125, 0.125, 0.125, 0.125, 0.125, 0.125], ""dropout_2"": [0.125, 0.125, 0.125, 0.125, 0.125, 0.125, 0.125, 0.125], ""loss"": [0.125, 0.125, 0.125, 0.125, 0.125, 0.125, 0.125, 0.125], ""optimizer"": [0.125, 0.125, 0.125, 0.125, 0.125, 0.125, 0.125, 0.125]}",True,True,softsign,success
paper_conventional-runtime_calibration-ants20-iterations1-epochs5-seed-42,paper_conventional,paper_faithful,iteration_based_paper_interpretation,runtime_calibration,20,1,5,42,1,6,ddb524355d6cc114,128,1024,0.6,0.3,1024,gelu,adadelta,binary_crossentropy,,0.09950000047683716,0.08712500333786011,0.09950000047683716,0.6942411065101624,1,5,4.181415365000021,success,,nonstandard_loss_for_multiclass_sparse_labels,0.0010000000474974513,False,"{""activation"": [0.125, 0.125, 0.125, 0.125, 0.125, 0.125, 0.125, 0.125], ""batch_size"": [0.125, 0.125, 0.125, 0.125, 0.125, 0.125, 0.125, 0.125], ""dense_units_1"": [0.125, 0.125, 0.125, 0.125, 0.125, 0.125, 0.125, 0.125], ""dense_units_2"": [0.125, 0.125, 0.125, 0.125, 0.125, 0.125, 0.125, 0.125], ""dropout_1"": [0.125, 0.125, 0.125, 0.125, 0.125, 0.125, 0.125, 0.125], ""dropout_2"": [0.125, 0.125, 0.125, 0.125, 0.125, 0.125, 0.125, 0.125], ""loss"": [0.125, 0.125, 0.125, 0.125, 0.125, 0.125, 0.125, 0.125], ""optimizer"": [0.125, 0.125, 0.125, 0.125, 0.125, 0.125, 0.125, 0.125]}",False,False,gelu,success
paper_conventional-runtime_calibration-ants20-iterations1-epochs5-seed-42,paper_conventional,paper_faithful,iteration_based_paper_interpretation,runtime_calibration,20,1,5,42,1,7,3a36de04c7710417,512,32,0.2,0.1,1024,selu,adamax,categorical_hinge,,0.6504999995231628,0.9467499852180481,0.6504999995231628,0.7977112531661987,5,5,2.813965324000037,success,,nonstandard_loss_for_multiclass_sparse_labels,0.0010000000474974513,False,"{""activation"": [0.125, 0.125, 0.125, 0.125, 0.125, 0.125, 0.125, 0.125], ""batch_size"": [0.125, 0.125, 0.125, 0.125, 0.125, 0.125, 0.125, 0.125], ""dense_units_1"": [0.125, 0.125, 0.125, 0.125, 0.125, 0.125, 0.125, 0.125], ""dense_units_2"": [0.125, 0.125, 0.125, 0.125, 0.125, 0.125, 0.125, 0.125], ""dropout_1"": [0.125, 0.125, 0.125, 0.125, 0.125, 0.125, 0.125, 0.125], ""dropout_2"": [0.125, 0.125, 0.125, 0.125, 0.125, 0.125, 0.125, 0.125], ""loss"": [0.125, 0.125, 0.125, 0.125, 0.125, 0.125, 0.125, 0.125], ""optimizer"": [0.125, 0.125, 0.125, 0.125, 0.125, 0.125, 0.125, 0.125]}",False,False,selu,success
paper_conventional-runtime_calibration-ants20-iterations1-epochs5-seed-42,paper_conventional,paper_faithful,iteration_based_paper_interpretation,runtime_calibration,20,1,5,42,1,8,cd1d6c40fe505c4b,128,256,0.2,0.1,512,softsign,adagrad,categorical_hinge,,0.1720000058412552,0.15199999511241913,0.1720000058412552,1.0058085918426514,5,5,2.8782338640000944,success,,nonstandard_loss_for_multiclass_sparse_labels,0.0010000000474974513,False,"{""activation"": [0.125, 0.125, 0.125, 0.125, 0.125, 0.125, 0.125, 0.125], ""batch_size"": [0.125, 0.125, 0.125, 0.125, 0.125, 0.125, 0.125, 0.125], ""dense_units_1"": [0.125, 0.125, 0.125, 0.125, 0.125, 0.125, 0.125, 0.125], ""dense_units_2"": [0.125, 0.125, 0.125, 0.125, 0.125, 0.125, 0.125, 0.125], ""dropout_1"": [0.125, 0.125, 0.125, 0.125, 0.125, 0.125, 0.125, 0.125], ""dropout_2"": [0.125, 0.125, 0.125, 0.125, 0.125, 0.125, 0.125, 0.125], ""loss"": [0.125, 0.125, 0.125, 0.125, 0.125, 0.125, 0.125, 0.125], ""optimizer"": [0.125, 0.125, 0.125, 0.125, 0.125, 0.125, 0.125, 0.125]}",False,False,softsign,success
paper_conventional-runtime_calibration-ants20-iterations1-epochs5-seed-42,paper_conventional,paper_faithful,iteration_based_paper_interpretation,runtime_calibration,20,1,5,42,1,9,4318164e2e0ef034,512,256,0.5,0.3,16,softsign,rmsprop,mean_absolute_error,,0.9704999923706055,0.9541249871253967,0.9704999923706055,0.00641935458406806,3,5,24.227674213,success,,nonstandard_loss_for_multiclass_sparse_labels,0.0010000000474974513,False,"{""activation"": [0.125, 0.125, 0.125, 0.125, 0.125, 0.125, 0.125, 0.125], ""batch_size"": [0.125, 0.125, 0.125, 0.125, 0.125, 0.125, 0.125, 0.125], ""dense_units_1"": [0.125, 0.125, 0.125, 0.125, 0.125, 0.125, 0.125, 0.125], ""dense_units_2"": [0.125, 0.125, 0.125, 0.125, 0.125, 0.125, 0.125, 0.125], ""dropout_1"": [0.125, 0.125, 0.125, 0.125, 0.125, 0.125, 0.125, 0.125], ""dropout_2"": [0.125, 0.125, 0.125, 0.125, 0.125, 0.125, 0.125, 0.125], ""loss"": [0.125, 0.125, 0.125, 0.125, 0.125, 0.125, 0.125, 0.125], ""optimizer"": [0.125, 0.125, 0.125, 0.125, 0.125, 0.125, 0.125, 0.125]}",False,False,softsign,success
paper_conventional-runtime_calibration-ants20-iterations1-epochs5-seed-42,paper_conventional,paper_faithful,iteration_based_paper_interpretation,runtime_calibration,20,1,5,42,1,10,100c444dd1de7901,1024,32,0.1,0.3,64,selu,adagrad,categorical_hinge,,0.9150000214576721,0.8962500095367432,0.9150000214576721,0.24028708040714264,5,5,7.414503944999979,success,,nonstandard_loss_for_multiclass_sparse_labels,0.0010000000474974513,False,"{""activation"": [0.125, 0.125, 0.125, 0.125, 0.125, 0.125, 0.125, 0.125], ""batch_size"": [0.125, 0.125, 0.125, 0.125, 0.125, 0.125, 0.125, 0.125], ""dense_units_1"": [0.125, 0.125, 0.125, 0.125, 0.125, 0.125, 0.125, 0.125], ""dense_units_2"": [0.125, 0.125, 0.125, 0.125, 0.125, 0.125, 0.125, 0.125], ""dropout_1"": [0.125, 0.125, 0.125, 0.125, 0.125, 0.125, 0.125, 0.125], ""dropout_2"": [0.125, 0.125, 0.125, 0.125, 0.125, 0.125, 0.125, 0.125], ""loss"": [0.125, 0.125, 0.125, 0.125, 0.125, 0.125, 0.125, 0.125], ""optimizer"": [0.125, 0.125, 0.125, 0.125, 0.125, 0.125, 0.125, 0.125]}",False,False,selu,success
paper_conventional-runtime_calibration-ants20-iterations1-epochs5-seed-42,paper_conventional,paper_faithful,iteration_based_paper_interpretation,runtime_calibration,20,1,5,42,1,11,13dea4db049af370,512,128,0.7,0.2,16,relu,adamax,mean_absolute_error,,0.8769999742507935,0.9383749961853027,0.8769999742507935,0.025262312963604927,5,5,29.003660900000114,success,,nonstandard_loss_for_multiclass_sparse_labels,0.0010000000474974513,False,"{""activation"": [0.125, 0.125, 0.125, 0.125, 0.125, 0.125, 0.125, 0.125], ""batch_size"": [0.125, 0.125, 0.125, 0.125, 0.125, 0.125, 0.125, 0.125], ""dense_units_1"": [0.125, 0.125, 0.125, 0.125, 0.125, 0.125, 0.125, 0.125], ""dense_units_2"": [0.125, 0.125, 0.125, 0.125, 0.125, 0.125, 0.125, 0.125], ""dropout_1"": [0.125, 0.125, 0.125, 0.125, 0.125, 0.125, 0.125, 0.125], ""dropout_2"": [0.125, 0.125, 0.125, 0.125, 0.125, 0.125, 0.125, 0.125], ""loss"": [0.125, 0.125, 0.125, 0.125, 0.125, 0.125, 0.125, 0.125], ""optimizer"": [0.125, 0.125, 0.125, 0.125, 0.125, 0.125, 0.125, 0.125]}",False,False,relu,success
paper_conventional-runtime_calibration-ants20-iterations1-epochs5-seed-42,paper_conventional,paper_faithful,iteration_based_paper_interpretation,runtime_calibration,20,1,5,42,1,12,03d91ca7bb3b2544,32,256,0.2,0.6,128,softsign,sgd,squared_hinge,,0.3634999990463257,0.2317499965429306,0.3634999990463257,1.1667382717132568,5,5,5.124888702999897,success,,nonstandard_loss_for_multiclass_sparse_labels,0.009999999776482582,False,"{""activation"": [0.125, 0.125, 0.125, 0.125, 0.125, 0.125, 0.125, 0.125], ""batch_size"": [0.125, 0.125, 0.125, 0.125, 0.125, 0.125, 0.125, 0.125], ""dense_units_1"": [0.125, 0.125, 0.125, 0.125, 0.125, 0.125, 0.125, 0.125], ""dense_units_2"": [0.125, 0.125, 0.125, 0.125, 0.125, 0.125, 0.125, 0.125], ""dropout_1"": [0.125, 0.125, 0.125, 0.125, 0.125, 0.125, 0.125, 0.125], ""dropout_2"": [0.125, 0.125, 0.125, 0.125, 0.125, 0.125, 0.125, 0.125], ""loss"": [0.125, 0.125, 0.125, 0.125, 0.125, 0.125, 0.125, 0.125], ""optimizer"": [0.125, 0.125, 0.125, 0.125, 0.125, 0.125, 0.125, 0.125]}",False,False,softsign,success
paper_conventional-runtime_calibration-ants20-iterations1-epochs5-seed-42,paper_conventional,paper_faithful,iteration_based_paper_interpretation,runtime_calibration,20,1,5,42,1,13,6412357bcd34088c,64,16,0.1,0.8,2048,selu,sgd,cosine_similarity,,0.24650000035762787,0.19162499904632568,0.24650000035762787,-0.35107487440109253,5,5,2.878134080999871,success,,nonstandard_loss_for_multiclass_sparse_labels,0.009999999776482582,False,"{""activation"": [0.125, 0.125, 0.125, 0.125, 0.125, 0.125, 0.125, 0.125], ""batch_size"": [0.125, 0.125, 0.125, 0.125, 0.125, 0.125, 0.125, 0.125], ""dense_units_1"": [0.125, 0.125, 0.125, 0.125, 0.125, 0.125, 0.125, 0.125], ""dense_units_2"": [0.125, 0.125, 0.125, 0.125, 0.125, 0.125, 0.125, 0.125], ""dropout_1"": [0.125, 0.125, 0.125, 0.125, 0.125, 0.125, 0.125, 0.125], ""dropout_2"": [0.125, 0.125, 0.125, 0.125, 0.125, 0.125, 0.125, 0.125], ""loss"": [0.125, 0.125, 0.125, 0.125, 0.125, 0.125, 0.125, 0.125], ""optimizer"": [0.125, 0.125, 0.125, 0.125, 0.125, 0.125, 0.125, 0.125]}",False,False,selu,success
paper_conventional-runtime_calibration-ants20-iterations1-epochs5-seed-42,paper_conventional,paper_faithful,iteration_based_paper_interpretation,runtime_calibration,20,1,5,42,1,14,840551083f24bb40,1024,512,0.4,0.3,16,linear,adadelta,categorical_crossentropy,,0.6355000138282776,0.7005000114440918,0.6355000138282776,1.1377674341201782,5,5,28.669187340999997,success,,nonstandard_loss_for_multiclass_sparse_labels,0.0010000000474974513,False,"{""activation"": [0.125, 0.125, 0.125, 0.125, 0.125, 0.125, 0.125, 0.125], ""batch_size"": [0.125, 0.125, 0.125, 0.125, 0.125, 0.125, 0.125, 0.125], ""dense_units_1"": [0.125, 0.125, 0.125, 0.125, 0.125, 0.125, 0.125, 0.125], ""dense_units_2"": [0.125, 0.125, 0.125, 0.125, 0.125, 0.125, 0.125, 0.125], ""dropout_1"": [0.125, 0.125, 0.125, 0.125, 0.125, 0.125, 0.125, 0.125], ""dropout_2"": [0.125, 0.125, 0.125, 0.125, 0.125, 0.125, 0.125, 0.125], ""loss"": [0.125, 0.125, 0.125, 0.125, 0.125, 0.125, 0.125, 0.125], ""optimizer"": [0.125, 0.125, 0.125, 0.125, 0.125, 0.125, 0.125, 0.125]}",False,False,linier,success
paper_conventional-runtime_calibration-ants20-iterations1-epochs5-seed-42,paper_conventional,paper_faithful,iteration_based_paper_interpretation,runtime_calibration,20,1,5,42,1,15,84a6c16d498ea561,64,256,0.2,0.7,1024,selu,adadelta,squared_hinge,,0.09700000286102295,0.10824999958276749,0.09700000286102295,1.169692873954773,5,5,3.750108226999828,success,,nonstandard_loss_for_multiclass_sparse_labels,0.0010000000474974513,False,"{""activation"": [0.125, 0.125, 0.125, 0.125, 0.125, 0.125, 0.125, 0.125], ""batch_size"": [0.125, 0.125, 0.125, 0.125, 0.125, 0.125, 0.125, 0.125], ""dense_units_1"": [0.125, 0.125, 0.125, 0.125, 0.125, 0.125, 0.125, 0.125], ""dense_units_2"": [0.125, 0.125, 0.125, 0.125, 0.125, 0.125, 0.125, 0.125], ""dropout_1"": [0.125, 0.125, 0.125, 0.125, 0.125, 0.125, 0.125, 0.125], ""dropout_2"": [0.125, 0.125, 0.125, 0.125, 0.125, 0.125, 0.125, 0.125], ""loss"": [0.125, 0.125, 0.125, 0.125, 0.125, 0.125, 0.125, 0.125], ""optimizer"": [0.125, 0.125, 0.125, 0.125, 0.125, 0.125, 0.125, 0.125]}",False,False,selu,success
paper_conventional-runtime_calibration-ants20-iterations1-epochs5-seed-42,paper_conventional,paper_faithful,iteration_based_paper_interpretation,runtime_calibration,20,1,5,42,1,16,82d7c9bd72c37c4d,256,512,0.1,0.4,16,softsign,sgd,categorical_crossentropy,,0.9725000262260437,0.9643750190734863,0.9725000262260437,0.09743710607290268,5,5,21.969654192999997,success,,nonstandard_loss_for_multiclass_sparse_labels,0.009999999776482582,False,"{""activation"": [0.125, 0.125, 0.125, 0.125, 0.125, 0.125, 0.125, 0.125], ""batch_size"": [0.125, 0.125, 0.125, 0.125, 0.125, 0.125, 0.125, 0.125], ""dense_units_1"": [0.125, 0.125, 0.125, 0.125, 0.125, 0.125, 0.125, 0.125], ""dense_units_2"": [0.125, 0.125, 0.125, 0.125, 0.125, 0.125, 0.125, 0.125], ""dropout_1"": [0.125, 0.125, 0.125, 0.125, 0.125, 0.125, 0.125, 0.125], ""dropout_2"": [0.125, 0.125, 0.125, 0.125, 0.125, 0.125, 0.125, 0.125], ""loss"": [0.125, 0.125, 0.125, 0.125, 0.125, 0.125, 0.125, 0.125], ""optimizer"": [0.125, 0.125, 0.125, 0.125, 0.125, 0.125, 0.125, 0.125]}",False,False,softsign,success
paper_conventional-runtime_calibration-ants20-iterations1-epochs5-seed-42,paper_conventional,paper_faithful,iteration_based_paper_interpretation,runtime_calibration,20,1,5,42,1,17,3833f8b8a0b5163d,16,256,0.2,0.8,256,softplus,adagrad,sparse_categorical_crossentropy,,0.22750000655651093,0.13574999570846558,0.22750000655651093,2.2863171100616455,4,5,4.341171684999836,success,,,0.0010000000474974513,False,"{""activation"": [0.125, 0.125, 0.125, 0.125, 0.125, 0.125, 0.125, 0.125], ""batch_size"": [0.125, 0.125, 0.125, 0.125, 0.125, 0.125, 0.125, 0.125], ""dense_units_1"": [0.125, 0.125, 0.125, 0.125, 0.125, 0.125, 0.125, 0.125], ""dense_units_2"": [0.125, 0.125, 0.125, 0.125, 0.125, 0.125, 0.125, 0.125], ""dropout_1"": [0.125, 0.125, 0.125, 0.125, 0.125, 0.125, 0.125, 0.125], ""dropout_2"": [0.125, 0.125, 0.125, 0.125, 0.125, 0.125, 0.125, 0.125], ""loss"": [0.125, 0.125, 0.125, 0.125, 0.125, 0.125, 0.125, 0.125], ""optimizer"": [0.125, 0.125, 0.125, 0.125, 0.125, 0.125, 0.125, 0.125]}",False,False,softplus,success
paper_conventional-runtime_calibration-ants20-iterations1-epochs5-seed-42,paper_conventional,paper_faithful,iteration_based_paper_interpretation,runtime_calibration,20,1,5,42,1,18,e07b24965a959166,2048,128,0.7,0.1,128,softsign,nadam,mean_squared_error,,0.890999972820282,0.9643750190734863,0.890999972820282,0.016464656218886375,5,5,9.102617689999988,success,,nonstandard_loss_for_multiclass_sparse_labels,0.0010000000474974513,False,"{""activation"": [0.125, 0.125, 0.125, 0.125, 0.125, 0.125, 0.125, 0.125], ""batch_size"": [0.125, 0.125, 0.125, 0.125, 0.125, 0.125, 0.125, 0.125], ""dense_units_1"": [0.125, 0.125, 0.125, 0.125, 0.125, 0.125, 0.125, 0.125], ""dense_units_2"": [0.125, 0.125, 0.125, 0.125, 0.125, 0.125, 0.125, 0.125], ""dropout_1"": [0.125, 0.125, 0.125, 0.125, 0.125, 0.125, 0.125, 0.125], ""dropout_2"": [0.125, 0.125, 0.125, 0.125, 0.125, 0.125, 0.125, 0.125], ""loss"": [0.125, 0.125, 0.125, 0.125, 0.125, 0.125, 0.125, 0.125], ""optimizer"": [0.125, 0.125, 0.125, 0.125, 0.125, 0.125, 0.125, 0.125]}",False,False,softsign,success
paper_conventional-runtime_calibration-ants20-iterations1-epochs5-seed-42,paper_conventional,paper_faithful,iteration_based_paper_interpretation,runtime_calibration,20,1,5,42,1,19,0c02e5c76b7f5b33,128,64,0.3,0.5,128,relu,ftrl,cosine_similarity,,0.10000000149011612,0.09624999761581421,0.10000000149011612,-0.3162277936935425,3,5,7.024706344000151,success,,nonstandard_loss_for_multiclass_sparse_labels,0.0010000000474974513,False,"{""activation"": [0.125, 0.125, 0.125, 0.125, 0.125, 0.125, 0.125, 0.125], ""batch_size"": [0.125, 0.125, 0.125, 0.125, 0.125, 0.125, 0.125, 0.125], ""dense_units_1"": [0.125, 0.125, 0.125, 0.125, 0.125, 0.125, 0.125, 0.125], ""dense_units_2"": [0.125, 0.125, 0.125, 0.125, 0.125, 0.125, 0.125, 0.125], ""dropout_1"": [0.125, 0.125, 0.125, 0.125, 0.125, 0.125, 0.125, 0.125], ""dropout_2"": [0.125, 0.125, 0.125, 0.125, 0.125, 0.125, 0.125, 0.125], ""loss"": [0.125, 0.125, 0.125, 0.125, 0.125, 0.125, 0.125, 0.125], ""optimizer"": [0.125, 0.125, 0.125, 0.125, 0.125, 0.125, 0.125, 0.125]}",False,False,relu,success
paper_conventional-runtime_calibration-ants20-iterations1-epochs5-seed-42,paper_conventional,paper_faithful,iteration_based_paper_interpretation,runtime_calibration,20,1,5,42,1,20,872d54a927568931,32,256,0.1,0.6,64,selu,adamax,categorical_hinge,,0.9645000100135803,0.924875020980835,0.9645000100135803,0.0948169156908989,4,5,8.874284536000005,success,,nonstandard_loss_for_multiclass_sparse_labels,0.0010000000474974513,False,"{""activation"": [0.125, 0.125, 0.125, 0.125, 0.125, 0.125, 0.125, 0.125], ""batch_size"": [0.125, 0.125, 0.125, 0.125, 0.125, 0.125, 0.125, 0.125], ""dense_units_1"": [0.125, 0.125, 0.125, 0.125, 0.125, 0.125, 0.125, 0.125], ""dense_units_2"": [0.125, 0.125, 0.125, 0.125, 0.125, 0.125, 0.125, 0.125], ""dropout_1"": [0.125, 0.125, 0.125, 0.125, 0.125, 0.125, 0.125, 0.125], ""dropout_2"": [0.125, 0.125, 0.125, 0.125, 0.125, 0.125, 0.125, 0.125], ""loss"": [0.125, 0.125, 0.125, 0.125, 0.125, 0.125, 0.125, 0.125], ""optimizer"": [0.125, 0.125, 0.125, 0.125, 0.125, 0.125, 0.125, 0.125]}",False,False,selu,success
