run_id,mode,family,mode_interpretation,budget,effective_ants,effective_iterations,effective_max_epochs,seed,iteration,ant_id,update_step,phase,hyperparameter,option_index,option_value,paper_label,pheromone,probability,run_status
improved-main-ants20-iterations5-epochs5-seed-43,improved,improved,project_improvement,main,20,5,5,43,1,,0,before_sampling,dense_units_1,0,32,32,1.0,0.25,success
improved-main-ants20-iterations5-epochs5-seed-43,improved,improved,project_improvement,main,20,5,5,43,1,,0,before_sampling,dense_units_1,1,64,64,1.0,0.25,success
improved-main-ants20-iterations5-epochs5-seed-43,improved,improved,project_improvement,main,20,5,5,43,1,,0,before_sampling,dense_units_1,2,128,128,1.0,0.25,success
improved-main-ants20-iterations5-epochs5-seed-43,improved,improved,project_improvement,main,20,5,5,43,1,,0,before_sampling,dense_units_1,3,256,256,1.0,0.25,success
improved-main-ants20-iterations5-epochs5-seed-43,improved,improved,project_improvement,main,20,5,5,43,1,,0,before_sampling,dense_units_2,0,32,32,1.0,0.25,success
improved-main-ants20-iterations5-epochs5-seed-43,improved,improved,project_improvement,main,20,5,5,43,1,,0,before_sampling,dense_units_2,1,64,64,1.0,0.25,success
improved-main-ants20-iterations5-epochs5-seed-43,improved,improved,project_improvement,main,20,5,5,43,1,,0,before_sampling,dense_units_2,2,128,128,1.0,0.25,success
improved-main-ants20-iterations5-epochs5-seed-43,improved,improved,project_improvement,main,20,5,5,43,1,,0,before_sampling,dense_units_2,3,256,256,1.0,0.25,success
improved-main-ants20-iterations5-epochs5-seed-43,improved,improved,project_improvement,main,20,5,5,43,1,,0,before_sampling,dropout_1,0,0.1,0.1,1.0,0.3333333333333333,success
improved-main-ants20-iterations5-epochs5-seed-43,improved,improved,project_improvement,main,20,5,5,43,1,,0,before_sampling,dropout_1,1,0.3,0.3,1.0,0.3333333333333333,success
improved-main-ants20-iterations5-epochs5-seed-43,improved,improved,project_improvement,main,20,5,5,43,1,,0,before_sampling,dropout_1,2,0.5,0.5,1.0,0.3333333333333333,success
improved-main-ants20-iterations5-epochs5-seed-43,improved,improved,project_improvement,main,20,5,5,43,1,,0,before_sampling,dropout_2,0,0.1,0.1,1.0,0.3333333333333333,success
improved-main-ants20-iterations5-epochs5-seed-43,improved,improved,project_improvement,main,20,5,5,43,1,,0,before_sampling,dropout_2,1,0.3,0.3,1.0,0.3333333333333333,success
improved-main-ants20-iterations5-epochs5-seed-43,improved,improved,project_improvement,main,20,5,5,43,1,,0,before_sampling,dropout_2,2,0.5,0.5,1.0,0.3333333333333333,success
improved-main-ants20-iterations5-epochs5-seed-43,improved,improved,project_improvement,main,20,5,5,43,1,,0,before_sampling,batch_size,0,32,32,1.0,0.3333333333333333,success
improved-main-ants20-iterations5-epochs5-seed-43,improved,improved,project_improvement,main,20,5,5,43,1,,0,before_sampling,batch_size,1,64,64,1.0,0.3333333333333333,success
improved-main-ants20-iterations5-epochs5-seed-43,improved,improved,project_improvement,main,20,5,5,43,1,,0,before_sampling,batch_size,2,128,128,1.0,0.3333333333333333,success
improved-main-ants20-iterations5-epochs5-seed-43,improved,improved,project_improvement,main,20,5,5,43,1,,0,before_sampling,activation,0,"""relu""","""relu""",1.0,0.5,success
improved-main-ants20-iterations5-epochs5-seed-43,improved,improved,project_improvement,main,20,5,5,43,1,,0,before_sampling,activation,1,"""tanh""","""tanh""",1.0,0.5,success
improved-main-ants20-iterations5-epochs5-seed-43,improved,improved,project_improvement,main,20,5,5,43,1,,0,before_sampling,optimizer,0,"""adam""","""adam""",1.0,0.5,success
improved-main-ants20-iterations5-epochs5-seed-43,improved,improved,project_improvement,main,20,5,5,43,1,,0,before_sampling,optimizer,1,"""rmsprop""","""rmsprop""",1.0,0.5,success
improved-main-ants20-iterations5-epochs5-seed-43,improved,improved,project_improvement,main,20,5,5,43,1,,0,before_sampling,learning_rate,0,0.0001,0.0001,1.0,0.3333333333333333,success
improved-main-ants20-iterations5-epochs5-seed-43,improved,improved,project_improvement,main,20,5,5,43,1,,0,before_sampling,learning_rate,1,0.001,0.001,1.0,0.3333333333333333,success
improved-main-ants20-iterations5-epochs5-seed-43,improved,improved,project_improvement,main,20,5,5,43,1,,0,before_sampling,learning_rate,2,0.01,0.01,1.0,0.3333333333333333,success
improved-main-ants20-iterations5-epochs5-seed-43,improved,improved,project_improvement,main,20,5,5,43,1,,1,after_update,dense_units_1,0,32,32,1.7294999957084656,0.4346023363672764,success
improved-main-ants20-iterations5-epochs5-seed-43,improved,improved,project_improvement,main,20,5,5,43,1,,1,after_update,dense_units_1,1,64,64,0.75,0.18846588787757454,success
improved-main-ants20-iterations5-epochs5-seed-43,improved,improved,project_improvement,main,20,5,5,43,1,,1,after_update,dense_units_1,2,128,128,0.75,0.18846588787757454,success
improved-main-ants20-iterations5-epochs5-seed-43,improved,improved,project_improvement,main,20,5,5,43,1,,1,after_update,dense_units_1,3,256,256,0.75,0.18846588787757454,success
improved-main-ants20-iterations5-epochs5-seed-43,improved,improved,project_improvement,main,20,5,5,43,1,,1,after_update,dense_units_2,0,32,32,1.7294999957084656,0.4346023363672764,success
improved-main-ants20-iterations5-epochs5-seed-43,improved,improved,project_improvement,main,20,5,5,43,1,,1,after_update,dense_units_2,1,64,64,0.75,0.18846588787757454,success
improved-main-ants20-iterations5-epochs5-seed-43,improved,improved,project_improvement,main,20,5,5,43,1,,1,after_update,dense_units_2,2,128,128,0.75,0.18846588787757454,success
improved-main-ants20-iterations5-epochs5-seed-43,improved,improved,project_improvement,main,20,5,5,43,1,,1,after_update,dense_units_2,3,256,256,0.75,0.18846588787757454,success
improved-main-ants20-iterations5-epochs5-seed-43,improved,improved,project_improvement,main,20,5,5,43,1,,1,after_update,dropout_1,0,0.1,0.1,0.75,0.23223409227330566,success
improved-main-ants20-iterations5-epochs5-seed-43,improved,improved,project_improvement,main,20,5,5,43,1,,1,after_update,dropout_1,1,0.3,0.3,1.7294999957084656,0.5355318154533887,success
improved-main-ants20-iterations5-epochs5-seed-43,improved,improved,project_improvement,main,20,5,5,43,1,,1,after_update,dropout_1,2,0.5,0.5,0.75,0.23223409227330566,success
improved-main-ants20-iterations5-epochs5-seed-43,improved,improved,project_improvement,main,20,5,5,43,1,,1,after_update,dropout_2,0,0.1,0.1,0.75,0.23223409227330566,success
improved-main-ants20-iterations5-epochs5-seed-43,improved,improved,project_improvement,main,20,5,5,43,1,,1,after_update,dropout_2,1,0.3,0.3,1.7294999957084656,0.5355318154533887,success
improved-main-ants20-iterations5-epochs5-seed-43,improved,improved,project_improvement,main,20,5,5,43,1,,1,after_update,dropout_2,2,0.5,0.5,0.75,0.23223409227330566,success
improved-main-ants20-iterations5-epochs5-seed-43,improved,improved,project_improvement,main,20,5,5,43,1,,1,after_update,batch_size,0,32,32,0.75,0.23223409227330566,success
improved-main-ants20-iterations5-epochs5-seed-43,improved,improved,project_improvement,main,20,5,5,43,1,,1,after_update,batch_size,1,64,64,1.7294999957084656,0.5355318154533887,success
improved-main-ants20-iterations5-epochs5-seed-43,improved,improved,project_improvement,main,20,5,5,43,1,,1,after_update,batch_size,2,128,128,0.75,0.23223409227330566,success
improved-main-ants20-iterations5-epochs5-seed-43,improved,improved,project_improvement,main,20,5,5,43,1,,1,after_update,activation,0,"""relu""","""relu""",0.75,0.30248033930151436,success
improved-main-ants20-iterations5-epochs5-seed-43,improved,improved,project_improvement,main,20,5,5,43,1,,1,after_update,activation,1,"""tanh""","""tanh""",1.7294999957084656,0.6975196606984857,success
improved-main-ants20-iterations5-epochs5-seed-43,improved,improved,project_improvement,main,20,5,5,43,1,,1,after_update,optimizer,0,"""adam""","""adam""",0.75,0.30248033930151436,success
improved-main-ants20-iterations5-epochs5-seed-43,improved,improved,project_improvement,main,20,5,5,43,1,,1,after_update,optimizer,1,"""rmsprop""","""rmsprop""",1.7294999957084656,0.6975196606984857,success
improved-main-ants20-iterations5-epochs5-seed-43,improved,improved,project_improvement,main,20,5,5,43,1,,1,after_update,learning_rate,0,0.0001,0.0001,0.75,0.23223409227330566,success
improved-main-ants20-iterations5-epochs5-seed-43,improved,improved,project_improvement,main,20,5,5,43,1,,1,after_update,learning_rate,1,0.001,0.001,1.7294999957084656,0.5355318154533887,success
improved-main-ants20-iterations5-epochs5-seed-43,improved,improved,project_improvement,main,20,5,5,43,1,,1,after_update,learning_rate,2,0.01,0.01,0.75,0.23223409227330566,success
improved-main-ants20-iterations5-epochs5-seed-43,improved,improved,project_improvement,main,20,5,5,43,2,,2,before_sampling,dense_units_1,0,32,32,1.7294999957084656,0.4346023363672764,success
improved-main-ants20-iterations5-epochs5-seed-43,improved,improved,project_improvement,main,20,5,5,43,2,,2,before_sampling,dense_units_1,1,64,64,0.75,0.18846588787757454,success
improved-main-ants20-iterations5-epochs5-seed-43,improved,improved,project_improvement,main,20,5,5,43,2,,2,before_sampling,dense_units_1,2,128,128,0.75,0.18846588787757454,success
improved-main-ants20-iterations5-epochs5-seed-43,improved,improved,project_improvement,main,20,5,5,43,2,,2,before_sampling,dense_units_1,3,256,256,0.75,0.18846588787757454,success
improved-main-ants20-iterations5-epochs5-seed-43,improved,improved,project_improvement,main,20,5,5,43,2,,2,before_sampling,dense_units_2,0,32,32,1.7294999957084656,0.4346023363672764,success
improved-main-ants20-iterations5-epochs5-seed-43,improved,improved,project_improvement,main,20,5,5,43,2,,2,before_sampling,dense_units_2,1,64,64,0.75,0.18846588787757454,success
improved-main-ants20-iterations5-epochs5-seed-43,improved,improved,project_improvement,main,20,5,5,43,2,,2,before_sampling,dense_units_2,2,128,128,0.75,0.18846588787757454,success
improved-main-ants20-iterations5-epochs5-seed-43,improved,improved,project_improvement,main,20,5,5,43,2,,2,before_sampling,dense_units_2,3,256,256,0.75,0.18846588787757454,success
improved-main-ants20-iterations5-epochs5-seed-43,improved,improved,project_improvement,main,20,5,5,43,2,,2,before_sampling,dropout_1,0,0.1,0.1,0.75,0.23223409227330566,success
improved-main-ants20-iterations5-epochs5-seed-43,improved,improved,project_improvement,main,20,5,5,43,2,,2,before_sampling,dropout_1,1,0.3,0.3,1.7294999957084656,0.5355318154533887,success
improved-main-ants20-iterations5-epochs5-seed-43,improved,improved,project_improvement,main,20,5,5,43,2,,2,before_sampling,dropout_1,2,0.5,0.5,0.75,0.23223409227330566,success
improved-main-ants20-iterations5-epochs5-seed-43,improved,improved,project_improvement,main,20,5,5,43,2,,2,before_sampling,dropout_2,0,0.1,0.1,0.75,0.23223409227330566,success
improved-main-ants20-iterations5-epochs5-seed-43,improved,improved,project_improvement,main,20,5,5,43,2,,2,before_sampling,dropout_2,1,0.3,0.3,1.7294999957084656,0.5355318154533887,success
improved-main-ants20-iterations5-epochs5-seed-43,improved,improved,project_improvement,main,20,5,5,43,2,,2,before_sampling,dropout_2,2,0.5,0.5,0.75,0.23223409227330566,success
improved-main-ants20-iterations5-epochs5-seed-43,improved,improved,project_improvement,main,20,5,5,43,2,,2,before_sampling,batch_size,0,32,32,0.75,0.23223409227330566,success
improved-main-ants20-iterations5-epochs5-seed-43,improved,improved,project_improvement,main,20,5,5,43,2,,2,before_sampling,batch_size,1,64,64,1.7294999957084656,0.5355318154533887,success
improved-main-ants20-iterations5-epochs5-seed-43,improved,improved,project_improvement,main,20,5,5,43,2,,2,before_sampling,batch_size,2,128,128,0.75,0.23223409227330566,success
improved-main-ants20-iterations5-epochs5-seed-43,improved,improved,project_improvement,main,20,5,5,43,2,,2,before_sampling,activation,0,"""relu""","""relu""",0.75,0.30248033930151436,success
improved-main-ants20-iterations5-epochs5-seed-43,improved,improved,project_improvement,main,20,5,5,43,2,,2,before_sampling,activation,1,"""tanh""","""tanh""",1.7294999957084656,0.6975196606984857,success
improved-main-ants20-iterations5-epochs5-seed-43,improved,improved,project_improvement,main,20,5,5,43,2,,2,before_sampling,optimizer,0,"""adam""","""adam""",0.75,0.30248033930151436,success
improved-main-ants20-iterations5-epochs5-seed-43,improved,improved,project_improvement,main,20,5,5,43,2,,2,before_sampling,optimizer,1,"""rmsprop""","""rmsprop""",1.7294999957084656,0.6975196606984857,success
improved-main-ants20-iterations5-epochs5-seed-43,improved,improved,project_improvement,main,20,5,5,43,2,,2,before_sampling,learning_rate,0,0.0001,0.0001,0.75,0.23223409227330566,success
improved-main-ants20-iterations5-epochs5-seed-43,improved,improved,project_improvement,main,20,5,5,43,2,,2,before_sampling,learning_rate,1,0.001,0.001,1.7294999957084656,0.5355318154533887,success
improved-main-ants20-iterations5-epochs5-seed-43,improved,improved,project_improvement,main,20,5,5,43,2,,2,before_sampling,learning_rate,2,0.01,0.01,0.75,0.23223409227330566,success
improved-main-ants20-iterations5-epochs5-seed-43,improved,improved,project_improvement,main,20,5,5,43,2,,3,after_update,dense_units_1,0,32,32,1.2971249967813492,0.3266803078521641,success
improved-main-ants20-iterations5-epochs5-seed-43,improved,improved,project_improvement,main,20,5,5,43,2,,3,after_update,dense_units_1,1,64,64,0.5625,0.14166535501421498,success
improved-main-ants20-iterations5-epochs5-seed-43,improved,improved,project_improvement,main,20,5,5,43,2,,3,after_update,dense_units_1,2,128,128,1.5485000014305115,0.3899889821194059,success
improved-main-ants20-iterations5-epochs5-seed-43,improved,improved,project_improvement,main,20,5,5,43,2,,3,after_update,dense_units_1,3,256,256,0.5625,0.14166535501421498,success
improved-main-ants20-iterations5-epochs5-seed-43,improved,improved,project_improvement,main,20,5,5,43,2,,3,after_update,dense_units_2,0,32,32,1.2971249967813492,0.3266803078521641,success
improved-main-ants20-iterations5-epochs5-seed-43,improved,improved,project_improvement,main,20,5,5,43,2,,3,after_update,dense_units_2,1,64,64,1.5485000014305115,0.3899889821194059,success
improved-main-ants20-iterations5-epochs5-seed-43,improved,improved,project_improvement,main,20,5,5,43,2,,3,after_update,dense_units_2,2,128,128,0.5625,0.14166535501421498,success
improved-main-ants20-iterations5-epochs5-seed-43,improved,improved,project_improvement,main,20,5,5,43,2,,3,after_update,dense_units_2,3,256,256,0.5625,0.14166535501421498,success
improved-main-ants20-iterations5-epochs5-seed-43,improved,improved,project_improvement,main,20,5,5,43,2,,3,after_update,dropout_1,0,0.1,0.1,0.5625,0.1650467633361824,success
improved-main-ants20-iterations5-epochs5-seed-43,improved,improved,project_improvement,main,20,5,5,43,2,,3,after_update,dropout_1,1,0.3,0.3,2.2831249982118607,0.6699064733276352,success
improved-main-ants20-iterations5-epochs5-seed-43,improved,improved,project_improvement,main,20,5,5,43,2,,3,after_update,dropout_1,2,0.5,0.5,0.5625,0.1650467633361824,success
improved-main-ants20-iterations5-epochs5-seed-43,improved,improved,project_improvement,main,20,5,5,43,2,,3,after_update,dropout_2,0,0.1,0.1,1.5485000014305115,0.45435540135498614,success
improved-main-ants20-iterations5-epochs5-seed-43,improved,improved,project_improvement,main,20,5,5,43,2,,3,after_update,dropout_2,1,0.3,0.3,1.2971249967813492,0.38059783530883146,success
improved-main-ants20-iterations5-epochs5-seed-43,improved,improved,project_improvement,main,20,5,5,43,2,,3,after_update,dropout_2,2,0.5,0.5,0.5625,0.1650467633361824,success
improved-main-ants20-iterations5-epochs5-seed-43,improved,improved,project_improvement,main,20,5,5,43,2,,3,after_update,batch_size,0,32,32,0.5625,0.1650467633361824,success
improved-main-ants20-iterations5-epochs5-seed-43,improved,improved,project_improvement,main,20,5,5,43,2,,3,after_update,batch_size,1,64,64,1.2971249967813492,0.38059783530883146,success
improved-main-ants20-iterations5-epochs5-seed-43,improved,improved,project_improvement,main,20,5,5,43,2,,3,after_update,batch_size,2,128,128,1.5485000014305115,0.45435540135498614,success
improved-main-ants20-iterations5-epochs5-seed-43,improved,improved,project_improvement,main,20,5,5,43,2,,3,after_update,activation,0,"""relu""","""relu""",0.5625,0.1976718648288038,success
improved-main-ants20-iterations5-epochs5-seed-43,improved,improved,project_improvement,main,20,5,5,43,2,,3,after_update,activation,1,"""tanh""","""tanh""",2.2831249982118607,0.8023281351711962,success
improved-main-ants20-iterations5-epochs5-seed-43,improved,improved,project_improvement,main,20,5,5,43,2,,3,after_update,optimizer,0,"""adam""","""adam""",0.5625,0.1976718648288038,success
improved-main-ants20-iterations5-epochs5-seed-43,improved,improved,project_improvement,main,20,5,5,43,2,,3,after_update,optimizer,1,"""rmsprop""","""rmsprop""",2.2831249982118607,0.8023281351711962,success
improved-main-ants20-iterations5-epochs5-seed-43,improved,improved,project_improvement,main,20,5,5,43,2,,3,after_update,learning_rate,0,0.0001,0.0001,0.5625,0.1650467633361824,success
improved-main-ants20-iterations5-epochs5-seed-43,improved,improved,project_improvement,main,20,5,5,43,2,,3,after_update,learning_rate,1,0.001,0.001,2.2831249982118607,0.6699064733276352,success
improved-main-ants20-iterations5-epochs5-seed-43,improved,improved,project_improvement,main,20,5,5,43,2,,3,after_update,learning_rate,2,0.01,0.01,0.5625,0.1650467633361824,success
improved-main-ants20-iterations5-epochs5-seed-43,improved,improved,project_improvement,main,20,5,5,43,3,,4,before_sampling,dense_units_1,0,32,32,1.2971249967813492,0.3266803078521641,success
improved-main-ants20-iterations5-epochs5-seed-43,improved,improved,project_improvement,main,20,5,5,43,3,,4,before_sampling,dense_units_1,1,64,64,0.5625,0.14166535501421498,success
improved-main-ants20-iterations5-epochs5-seed-43,improved,improved,project_improvement,main,20,5,5,43,3,,4,before_sampling,dense_units_1,2,128,128,1.5485000014305115,0.3899889821194059,success
improved-main-ants20-iterations5-epochs5-seed-43,improved,improved,project_improvement,main,20,5,5,43,3,,4,before_sampling,dense_units_1,3,256,256,0.5625,0.14166535501421498,success
improved-main-ants20-iterations5-epochs5-seed-43,improved,improved,project_improvement,main,20,5,5,43,3,,4,before_sampling,dense_units_2,0,32,32,1.2971249967813492,0.3266803078521641,success
improved-main-ants20-iterations5-epochs5-seed-43,improved,improved,project_improvement,main,20,5,5,43,3,,4,before_sampling,dense_units_2,1,64,64,1.5485000014305115,0.3899889821194059,success
improved-main-ants20-iterations5-epochs5-seed-43,improved,improved,project_improvement,main,20,5,5,43,3,,4,before_sampling,dense_units_2,2,128,128,0.5625,0.14166535501421498,success
improved-main-ants20-iterations5-epochs5-seed-43,improved,improved,project_improvement,main,20,5,5,43,3,,4,before_sampling,dense_units_2,3,256,256,0.5625,0.14166535501421498,success
improved-main-ants20-iterations5-epochs5-seed-43,improved,improved,project_improvement,main,20,5,5,43,3,,4,before_sampling,dropout_1,0,0.1,0.1,0.5625,0.1650467633361824,success
improved-main-ants20-iterations5-epochs5-seed-43,improved,improved,project_improvement,main,20,5,5,43,3,,4,before_sampling,dropout_1,1,0.3,0.3,2.2831249982118607,0.6699064733276352,success
improved-main-ants20-iterations5-epochs5-seed-43,improved,improved,project_improvement,main,20,5,5,43,3,,4,before_sampling,dropout_1,2,0.5,0.5,0.5625,0.1650467633361824,success
improved-main-ants20-iterations5-epochs5-seed-43,improved,improved,project_improvement,main,20,5,5,43,3,,4,before_sampling,dropout_2,0,0.1,0.1,1.5485000014305115,0.45435540135498614,success
improved-main-ants20-iterations5-epochs5-seed-43,improved,improved,project_improvement,main,20,5,5,43,3,,4,before_sampling,dropout_2,1,0.3,0.3,1.2971249967813492,0.38059783530883146,success
improved-main-ants20-iterations5-epochs5-seed-43,improved,improved,project_improvement,main,20,5,5,43,3,,4,before_sampling,dropout_2,2,0.5,0.5,0.5625,0.1650467633361824,success
improved-main-ants20-iterations5-epochs5-seed-43,improved,improved,project_improvement,main,20,5,5,43,3,,4,before_sampling,batch_size,0,32,32,0.5625,0.1650467633361824,success
improved-main-ants20-iterations5-epochs5-seed-43,improved,improved,project_improvement,main,20,5,5,43,3,,4,before_sampling,batch_size,1,64,64,1.2971249967813492,0.38059783530883146,success
improved-main-ants20-iterations5-epochs5-seed-43,improved,improved,project_improvement,main,20,5,5,43,3,,4,before_sampling,batch_size,2,128,128,1.5485000014305115,0.45435540135498614,success
improved-main-ants20-iterations5-epochs5-seed-43,improved,improved,project_improvement,main,20,5,5,43,3,,4,before_sampling,activation,0,"""relu""","""relu""",0.5625,0.1976718648288038,success
improved-main-ants20-iterations5-epochs5-seed-43,improved,improved,project_improvement,main,20,5,5,43,3,,4,before_sampling,activation,1,"""tanh""","""tanh""",2.2831249982118607,0.8023281351711962,success
improved-main-ants20-iterations5-epochs5-seed-43,improved,improved,project_improvement,main,20,5,5,43,3,,4,before_sampling,optimizer,0,"""adam""","""adam""",0.5625,0.1976718648288038,success
improved-main-ants20-iterations5-epochs5-seed-43,improved,improved,project_improvement,main,20,5,5,43,3,,4,before_sampling,optimizer,1,"""rmsprop""","""rmsprop""",2.2831249982118607,0.8023281351711962,success
improved-main-ants20-iterations5-epochs5-seed-43,improved,improved,project_improvement,main,20,5,5,43,3,,4,before_sampling,learning_rate,0,0.0001,0.0001,0.5625,0.1650467633361824,success
improved-main-ants20-iterations5-epochs5-seed-43,improved,improved,project_improvement,main,20,5,5,43,3,,4,before_sampling,learning_rate,1,0.001,0.001,2.2831249982118607,0.6699064733276352,success
improved-main-ants20-iterations5-epochs5-seed-43,improved,improved,project_improvement,main,20,5,5,43,3,,4,before_sampling,learning_rate,2,0.01,0.01,0.5625,0.1650467633361824,success
improved-main-ants20-iterations5-epochs5-seed-43,improved,improved,project_improvement,main,20,5,5,43,3,,5,after_update,dense_units_1,0,32,32,0.9728437475860119,0.24563853554352713,success
improved-main-ants20-iterations5-epochs5-seed-43,improved,improved,project_improvement,main,20,5,5,43,3,,5,after_update,dense_units_1,1,64,64,0.421875,0.10652148141936164,success
improved-main-ants20-iterations5-epochs5-seed-43,improved,improved,project_improvement,main,20,5,5,43,3,,5,after_update,dense_units_1,2,128,128,2.143875017762184,0.5413185016177496,success
improved-main-ants20-iterations5-epochs5-seed-43,improved,improved,project_improvement,main,20,5,5,43,3,,5,after_update,dense_units_1,3,256,256,0.421875,0.10652148141936164,success
improved-main-ants20-iterations5-epochs5-seed-43,improved,improved,project_improvement,main,20,5,5,43,3,,5,after_update,dense_units_2,0,32,32,0.9728437475860119,0.24563853554352713,success
improved-main-ants20-iterations5-epochs5-seed-43,improved,improved,project_improvement,main,20,5,5,43,3,,5,after_update,dense_units_2,1,64,64,2.143875017762184,0.5413185016177496,success
improved-main-ants20-iterations5-epochs5-seed-43,improved,improved,project_improvement,main,20,5,5,43,3,,5,after_update,dense_units_2,2,128,128,0.421875,0.10652148141936164,success
improved-main-ants20-iterations5-epochs5-seed-43,improved,improved,project_improvement,main,20,5,5,43,3,,5,after_update,dense_units_2,3,256,256,0.421875,0.10652148141936164,success
improved-main-ants20-iterations5-epochs5-seed-43,improved,improved,project_improvement,main,20,5,5,43,3,,5,after_update,dropout_1,0,0.1,0.1,0.421875,0.11922108836883899,success
improved-main-ants20-iterations5-epochs5-seed-43,improved,improved,project_improvement,main,20,5,5,43,3,,5,after_update,dropout_1,1,0.3,0.3,2.694843765348196,0.761557823262322,success
improved-main-ants20-iterations5-epochs5-seed-43,improved,improved,project_improvement,main,20,5,5,43,3,,5,after_update,dropout_1,2,0.5,0.5,0.421875,0.11922108836883899,success
improved-main-ants20-iterations5-epochs5-seed-43,improved,improved,project_improvement,main,20,5,5,43,3,,5,after_update,dropout_2,0,0.1,0.1,1.1613750010728836,0.32820240979501214,success
improved-main-ants20-iterations5-epochs5-seed-43,improved,improved,project_improvement,main,20,5,5,43,3,,5,after_update,dropout_2,1,0.3,0.3,1.9553437642753124,0.5525765018361489,success
improved-main-ants20-iterations5-epochs5-seed-43,improved,improved,project_improvement,main,20,5,5,43,3,,5,after_update,dropout_2,2,0.5,0.5,0.421875,0.11922108836883899,success
improved-main-ants20-iterations5-epochs5-seed-43,improved,improved,project_improvement,main,20,5,5,43,3,,5,after_update,batch_size,0,32,32,0.421875,0.11922108836883899,success
improved-main-ants20-iterations5-epochs5-seed-43,improved,improved,project_improvement,main,20,5,5,43,3,,5,after_update,batch_size,1,64,64,1.9553437642753124,0.5525765018361489,success
improved-main-ants20-iterations5-epochs5-seed-43,improved,improved,project_improvement,main,20,5,5,43,3,,5,after_update,batch_size,2,128,128,1.1613750010728836,0.32820240979501214,success
improved-main-ants20-iterations5-epochs5-seed-43,improved,improved,project_improvement,main,20,5,5,43,3,,5,after_update,activation,0,"""relu""","""relu""",0.421875,0.13535869988990445,success
improved-main-ants20-iterations5-epochs5-seed-43,improved,improved,project_improvement,main,20,5,5,43,3,,5,after_update,activation,1,"""tanh""","""tanh""",2.694843765348196,0.8646413001100955,success
improved-main-ants20-iterations5-epochs5-seed-43,improved,improved,project_improvement,main,20,5,5,43,3,,5,after_update,optimizer,0,"""adam""","""adam""",0.421875,0.13535869988990445,success
improved-main-ants20-iterations5-epochs5-seed-43,improved,improved,project_improvement,main,20,5,5,43,3,,5,after_update,optimizer,1,"""rmsprop""","""rmsprop""",2.694843765348196,0.8646413001100955,success
improved-main-ants20-iterations5-epochs5-seed-43,improved,improved,project_improvement,main,20,5,5,43,3,,5,after_update,learning_rate,0,0.0001,0.0001,0.421875,0.11922108836883899,success
improved-main-ants20-iterations5-epochs5-seed-43,improved,improved,project_improvement,main,20,5,5,43,3,,5,after_update,learning_rate,1,0.001,0.001,2.694843765348196,0.761557823262322,success
improved-main-ants20-iterations5-epochs5-seed-43,improved,improved,project_improvement,main,20,5,5,43,3,,5,after_update,learning_rate,2,0.01,0.01,0.421875,0.11922108836883899,success
improved-main-ants20-iterations5-epochs5-seed-43,improved,improved,project_improvement,main,20,5,5,43,4,,6,before_sampling,dense_units_1,0,32,32,0.9728437475860119,0.24563853554352713,success
improved-main-ants20-iterations5-epochs5-seed-43,improved,improved,project_improvement,main,20,5,5,43,4,,6,before_sampling,dense_units_1,1,64,64,0.421875,0.10652148141936164,success
improved-main-ants20-iterations5-epochs5-seed-43,improved,improved,project_improvement,main,20,5,5,43,4,,6,before_sampling,dense_units_1,2,128,128,2.143875017762184,0.5413185016177496,success
improved-main-ants20-iterations5-epochs5-seed-43,improved,improved,project_improvement,main,20,5,5,43,4,,6,before_sampling,dense_units_1,3,256,256,0.421875,0.10652148141936164,success
improved-main-ants20-iterations5-epochs5-seed-43,improved,improved,project_improvement,main,20,5,5,43,4,,6,before_sampling,dense_units_2,0,32,32,0.9728437475860119,0.24563853554352713,success
improved-main-ants20-iterations5-epochs5-seed-43,improved,improved,project_improvement,main,20,5,5,43,4,,6,before_sampling,dense_units_2,1,64,64,2.143875017762184,0.5413185016177496,success
improved-main-ants20-iterations5-epochs5-seed-43,improved,improved,project_improvement,main,20,5,5,43,4,,6,before_sampling,dense_units_2,2,128,128,0.421875,0.10652148141936164,success
improved-main-ants20-iterations5-epochs5-seed-43,improved,improved,project_improvement,main,20,5,5,43,4,,6,before_sampling,dense_units_2,3,256,256,0.421875,0.10652148141936164,success
improved-main-ants20-iterations5-epochs5-seed-43,improved,improved,project_improvement,main,20,5,5,43,4,,6,before_sampling,dropout_1,0,0.1,0.1,0.421875,0.11922108836883899,success
improved-main-ants20-iterations5-epochs5-seed-43,improved,improved,project_improvement,main,20,5,5,43,4,,6,before_sampling,dropout_1,1,0.3,0.3,2.694843765348196,0.761557823262322,success
improved-main-ants20-iterations5-epochs5-seed-43,improved,improved,project_improvement,main,20,5,5,43,4,,6,before_sampling,dropout_1,2,0.5,0.5,0.421875,0.11922108836883899,success
improved-main-ants20-iterations5-epochs5-seed-43,improved,improved,project_improvement,main,20,5,5,43,4,,6,before_sampling,dropout_2,0,0.1,0.1,1.1613750010728836,0.32820240979501214,success
improved-main-ants20-iterations5-epochs5-seed-43,improved,improved,project_improvement,main,20,5,5,43,4,,6,before_sampling,dropout_2,1,0.3,0.3,1.9553437642753124,0.5525765018361489,success
improved-main-ants20-iterations5-epochs5-seed-43,improved,improved,project_improvement,main,20,5,5,43,4,,6,before_sampling,dropout_2,2,0.5,0.5,0.421875,0.11922108836883899,success
improved-main-ants20-iterations5-epochs5-seed-43,improved,improved,project_improvement,main,20,5,5,43,4,,6,before_sampling,batch_size,0,32,32,0.421875,0.11922108836883899,success
improved-main-ants20-iterations5-epochs5-seed-43,improved,improved,project_improvement,main,20,5,5,43,4,,6,before_sampling,batch_size,1,64,64,1.9553437642753124,0.5525765018361489,success
improved-main-ants20-iterations5-epochs5-seed-43,improved,improved,project_improvement,main,20,5,5,43,4,,6,before_sampling,batch_size,2,128,128,1.1613750010728836,0.32820240979501214,success
improved-main-ants20-iterations5-epochs5-seed-43,improved,improved,project_improvement,main,20,5,5,43,4,,6,before_sampling,activation,0,"""relu""","""relu""",0.421875,0.13535869988990445,success
improved-main-ants20-iterations5-epochs5-seed-43,improved,improved,project_improvement,main,20,5,5,43,4,,6,before_sampling,activation,1,"""tanh""","""tanh""",2.694843765348196,0.8646413001100955,success
improved-main-ants20-iterations5-epochs5-seed-43,improved,improved,project_improvement,main,20,5,5,43,4,,6,before_sampling,optimizer,0,"""adam""","""adam""",0.421875,0.13535869988990445,success
improved-main-ants20-iterations5-epochs5-seed-43,improved,improved,project_improvement,main,20,5,5,43,4,,6,before_sampling,optimizer,1,"""rmsprop""","""rmsprop""",2.694843765348196,0.8646413001100955,success
improved-main-ants20-iterations5-epochs5-seed-43,improved,improved,project_improvement,main,20,5,5,43,4,,6,before_sampling,learning_rate,0,0.0001,0.0001,0.421875,0.11922108836883899,success
improved-main-ants20-iterations5-epochs5-seed-43,improved,improved,project_improvement,main,20,5,5,43,4,,6,before_sampling,learning_rate,1,0.001,0.001,2.694843765348196,0.761557823262322,success
improved-main-ants20-iterations5-epochs5-seed-43,improved,improved,project_improvement,main,20,5,5,43,4,,6,before_sampling,learning_rate,2,0.01,0.01,0.421875,0.11922108836883899,success
improved-main-ants20-iterations5-epochs5-seed-43,improved,improved,project_improvement,main,20,5,5,43,4,,7,after_update,dense_units_1,0,32,32,0.7296328106895089,0.18442062005272067,success
improved-main-ants20-iterations5-epochs5-seed-43,improved,improved,project_improvement,main,20,5,5,43,4,,7,after_update,dense_units_1,1,64,64,0.31640625,0.07997425000448265,success
improved-main-ants20-iterations5-epochs5-seed-43,improved,improved,project_improvement,main,20,5,5,43,4,,7,after_update,dense_units_1,2,128,128,2.5939062647521496,0.655630879938314,success
improved-main-ants20-iterations5-epochs5-seed-43,improved,improved,project_improvement,main,20,5,5,43,4,,7,after_update,dense_units_1,3,256,256,0.31640625,0.07997425000448265,success
improved-main-ants20-iterations5-epochs5-seed-43,improved,improved,project_improvement,main,20,5,5,43,4,,7,after_update,dense_units_2,0,32,32,0.7296328106895089,0.18442062005272067,success
improved-main-ants20-iterations5-epochs5-seed-43,improved,improved,project_improvement,main,20,5,5,43,4,,7,after_update,dense_units_2,1,64,64,2.5939062647521496,0.655630879938314,success
improved-main-ants20-iterations5-epochs5-seed-43,improved,improved,project_improvement,main,20,5,5,43,4,,7,after_update,dense_units_2,2,128,128,0.31640625,0.07997425000448265,success
improved-main-ants20-iterations5-epochs5-seed-43,improved,improved,project_improvement,main,20,5,5,43,4,,7,after_update,dense_units_2,3,256,256,0.31640625,0.07997425000448265,success
improved-main-ants20-iterations5-epochs5-seed-43,improved,improved,project_improvement,main,20,5,5,43,4,,7,after_update,dropout_1,0,0.1,0.1,0.31640625,0.08692609962805097,success
improved-main-ants20-iterations5-epochs5-seed-43,improved,improved,project_improvement,main,20,5,5,43,4,,7,after_update,dropout_1,1,0.3,0.3,3.0071328254416585,0.826147800743898,success
improved-main-ants20-iterations5-epochs5-seed-43,improved,improved,project_improvement,main,20,5,5,43,4,,7,after_update,dropout_1,2,0.5,0.5,0.31640625,0.08692609962805097,success
improved-main-ants20-iterations5-epochs5-seed-43,improved,improved,project_improvement,main,20,5,5,43,4,,7,after_update,dropout_2,0,0.1,0.1,1.8570312522351742,0.510181084110061,success
improved-main-ants20-iterations5-epochs5-seed-43,improved,improved,project_improvement,main,20,5,5,43,4,,7,after_update,dropout_2,1,0.3,0.3,1.4665078232064843,0.402892816261888,success
improved-main-ants20-iterations5-epochs5-seed-43,improved,improved,project_improvement,main,20,5,5,43,4,,7,after_update,dropout_2,2,0.5,0.5,0.31640625,0.08692609962805097,success
improved-main-ants20-iterations5-epochs5-seed-43,improved,improved,project_improvement,main,20,5,5,43,4,,7,after_update,batch_size,0,32,32,0.31640625,0.08692609962805097,success
improved-main-ants20-iterations5-epochs5-seed-43,improved,improved,project_improvement,main,20,5,5,43,4,,7,after_update,batch_size,1,64,64,1.4665078232064843,0.402892816261888,success
improved-main-ants20-iterations5-epochs5-seed-43,improved,improved,project_improvement,main,20,5,5,43,4,,7,after_update,batch_size,2,128,128,1.8570312522351742,0.510181084110061,success
improved-main-ants20-iterations5-epochs5-seed-43,improved,improved,project_improvement,main,20,5,5,43,4,,7,after_update,activation,0,"""relu""","""relu""",0.31640625,0.09520160371755322,success
improved-main-ants20-iterations5-epochs5-seed-43,improved,improved,project_improvement,main,20,5,5,43,4,,7,after_update,activation,1,"""tanh""","""tanh""",3.0071328254416585,0.9047983962824467,success
improved-main-ants20-iterations5-epochs5-seed-43,improved,improved,project_improvement,main,20,5,5,43,4,,7,after_update,optimizer,0,"""adam""","""adam""",0.31640625,0.09520160371755322,success
improved-main-ants20-iterations5-epochs5-seed-43,improved,improved,project_improvement,main,20,5,5,43,4,,7,after_update,optimizer,1,"""rmsprop""","""rmsprop""",3.0071328254416585,0.9047983962824467,success
improved-main-ants20-iterations5-epochs5-seed-43,improved,improved,project_improvement,main,20,5,5,43,4,,7,after_update,learning_rate,0,0.0001,0.0001,0.31640625,0.08692609962805097,success
improved-main-ants20-iterations5-epochs5-seed-43,improved,improved,project_improvement,main,20,5,5,43,4,,7,after_update,learning_rate,1,0.001,0.001,3.0071328254416585,0.826147800743898,success
improved-main-ants20-iterations5-epochs5-seed-43,improved,improved,project_improvement,main,20,5,5,43,4,,7,after_update,learning_rate,2,0.01,0.01,0.31640625,0.08692609962805097,success
improved-main-ants20-iterations5-epochs5-seed-43,improved,improved,project_improvement,main,20,5,5,43,5,,8,before_sampling,dense_units_1,0,32,32,0.7296328106895089,0.18442062005272067,success
improved-main-ants20-iterations5-epochs5-seed-43,improved,improved,project_improvement,main,20,5,5,43,5,,8,before_sampling,dense_units_1,1,64,64,0.31640625,0.07997425000448265,success
improved-main-ants20-iterations5-epochs5-seed-43,improved,improved,project_improvement,main,20,5,5,43,5,,8,before_sampling,dense_units_1,2,128,128,2.5939062647521496,0.655630879938314,success
improved-main-ants20-iterations5-epochs5-seed-43,improved,improved,project_improvement,main,20,5,5,43,5,,8,before_sampling,dense_units_1,3,256,256,0.31640625,0.07997425000448265,success
improved-main-ants20-iterations5-epochs5-seed-43,improved,improved,project_improvement,main,20,5,5,43,5,,8,before_sampling,dense_units_2,0,32,32,0.7296328106895089,0.18442062005272067,success
improved-main-ants20-iterations5-epochs5-seed-43,improved,improved,project_improvement,main,20,5,5,43,5,,8,before_sampling,dense_units_2,1,64,64,2.5939062647521496,0.655630879938314,success
improved-main-ants20-iterations5-epochs5-seed-43,improved,improved,project_improvement,main,20,5,5,43,5,,8,before_sampling,dense_units_2,2,128,128,0.31640625,0.07997425000448265,success
improved-main-ants20-iterations5-epochs5-seed-43,improved,improved,project_improvement,main,20,5,5,43,5,,8,before_sampling,dense_units_2,3,256,256,0.31640625,0.07997425000448265,success
improved-main-ants20-iterations5-epochs5-seed-43,improved,improved,project_improvement,main,20,5,5,43,5,,8,before_sampling,dropout_1,0,0.1,0.1,0.31640625,0.08692609962805097,success
improved-main-ants20-iterations5-epochs5-seed-43,improved,improved,project_improvement,main,20,5,5,43,5,,8,before_sampling,dropout_1,1,0.3,0.3,3.0071328254416585,0.826147800743898,success
improved-main-ants20-iterations5-epochs5-seed-43,improved,improved,project_improvement,main,20,5,5,43,5,,8,before_sampling,dropout_1,2,0.5,0.5,0.31640625,0.08692609962805097,success
improved-main-ants20-iterations5-epochs5-seed-43,improved,improved,project_improvement,main,20,5,5,43,5,,8,before_sampling,dropout_2,0,0.1,0.1,1.8570312522351742,0.510181084110061,success
improved-main-ants20-iterations5-epochs5-seed-43,improved,improved,project_improvement,main,20,5,5,43,5,,8,before_sampling,dropout_2,1,0.3,0.3,1.4665078232064843,0.402892816261888,success
improved-main-ants20-iterations5-epochs5-seed-43,improved,improved,project_improvement,main,20,5,5,43,5,,8,before_sampling,dropout_2,2,0.5,0.5,0.31640625,0.08692609962805097,success
improved-main-ants20-iterations5-epochs5-seed-43,improved,improved,project_improvement,main,20,5,5,43,5,,8,before_sampling,batch_size,0,32,32,0.31640625,0.08692609962805097,success
improved-main-ants20-iterations5-epochs5-seed-43,improved,improved,project_improvement,main,20,5,5,43,5,,8,before_sampling,batch_size,1,64,64,1.4665078232064843,0.402892816261888,success
improved-main-ants20-iterations5-epochs5-seed-43,improved,improved,project_improvement,main,20,5,5,43,5,,8,before_sampling,batch_size,2,128,128,1.8570312522351742,0.510181084110061,success
improved-main-ants20-iterations5-epochs5-seed-43,improved,improved,project_improvement,main,20,5,5,43,5,,8,before_sampling,activation,0,"""relu""","""relu""",0.31640625,0.09520160371755322,success
improved-main-ants20-iterations5-epochs5-seed-43,improved,improved,project_improvement,main,20,5,5,43,5,,8,before_sampling,activation,1,"""tanh""","""tanh""",3.0071328254416585,0.9047983962824467,success
improved-main-ants20-iterations5-epochs5-seed-43,improved,improved,project_improvement,main,20,5,5,43,5,,8,before_sampling,optimizer,0,"""adam""","""adam""",0.31640625,0.09520160371755322,success
improved-main-ants20-iterations5-epochs5-seed-43,improved,improved,project_improvement,main,20,5,5,43,5,,8,before_sampling,optimizer,1,"""rmsprop""","""rmsprop""",3.0071328254416585,0.9047983962824467,success
improved-main-ants20-iterations5-epochs5-seed-43,improved,improved,project_improvement,main,20,5,5,43,5,,8,before_sampling,learning_rate,0,0.0001,0.0001,0.31640625,0.08692609962805097,success
improved-main-ants20-iterations5-epochs5-seed-43,improved,improved,project_improvement,main,20,5,5,43,5,,8,before_sampling,learning_rate,1,0.001,0.001,3.0071328254416585,0.826147800743898,success
improved-main-ants20-iterations5-epochs5-seed-43,improved,improved,project_improvement,main,20,5,5,43,5,,8,before_sampling,learning_rate,2,0.01,0.01,0.31640625,0.08692609962805097,success
improved-main-ants20-iterations5-epochs5-seed-43,improved,improved,project_improvement,main,20,5,5,43,5,,9,after_update,dense_units_1,0,32,32,0.5472246080171317,0.1384235031851541,success
improved-main-ants20-iterations5-epochs5-seed-43,improved,improved,project_improvement,main,20,5,5,43,5,,9,after_update,dense_units_1,1,64,64,0.2373046875,0.060027538390561325,success
improved-main-ants20-iterations5-epochs5-seed-43,improved,improved,project_improvement,main,20,5,5,43,5,,9,after_update,dense_units_1,2,128,128,2.9314296999946237,0.7415214200337232,success
improved-main-ants20-iterations5-epochs5-seed-43,improved,improved,project_improvement,main,20,5,5,43,5,,9,after_update,dense_units_1,3,256,256,0.2373046875,0.060027538390561325,success
improved-main-ants20-iterations5-epochs5-seed-43,improved,improved,project_improvement,main,20,5,5,43,5,,9,after_update,dense_units_2,0,32,32,0.5472246080171317,0.1384235031851541,success
improved-main-ants20-iterations5-epochs5-seed-43,improved,improved,project_improvement,main,20,5,5,43,5,,9,after_update,dense_units_2,1,64,64,2.9314296999946237,0.7415214200337232,success
improved-main-ants20-iterations5-epochs5-seed-43,improved,improved,project_improvement,main,20,5,5,43,5,,9,after_update,dense_units_2,2,128,128,0.2373046875,0.060027538390561325,success
improved-main-ants20-iterations5-epochs5-seed-43,improved,improved,project_improvement,main,20,5,5,43,5,,9,after_update,dense_units_2,3,256,256,0.2373046875,0.060027538390561325,success
improved-main-ants20-iterations5-epochs5-seed-43,improved,improved,project_improvement,main,20,5,5,43,5,,9,after_update,dropout_1,0,0.1,0.1,0.2373046875,0.06386095427495933,success
improved-main-ants20-iterations5-epochs5-seed-43,improved,improved,project_improvement,main,20,5,5,43,5,,9,after_update,dropout_1,1,0.3,0.3,3.2413496205117553,0.8722780914500814,success
improved-main-ants20-iterations5-epochs5-seed-43,improved,improved,project_improvement,main,20,5,5,43,5,,9,after_update,dropout_1,2,0.5,0.5,0.2373046875,0.06386095427495933,success
improved-main-ants20-iterations5-epochs5-seed-43,improved,improved,project_improvement,main,20,5,5,43,5,,9,after_update,dropout_2,0,0.1,0.1,2.378773440606892,0.6401506161612776,success
improved-main-ants20-iterations5-epochs5-seed-43,improved,improved,project_improvement,main,20,5,5,43,5,,9,after_update,dropout_2,1,0.3,0.3,1.0998808674048632,0.29598842956376314,success
improved-main-ants20-iterations5-epochs5-seed-43,improved,improved,project_improvement,main,20,5,5,43,5,,9,after_update,dropout_2,2,0.5,0.5,0.2373046875,0.06386095427495933,success
improved-main-ants20-iterations5-epochs5-seed-43,improved,improved,project_improvement,main,20,5,5,43,5,,9,after_update,batch_size,0,32,32,0.2373046875,0.06386095427495933,success
improved-main-ants20-iterations5-epochs5-seed-43,improved,improved,project_improvement,main,20,5,5,43,5,,9,after_update,batch_size,1,64,64,1.0998808674048632,0.29598842956376314,success
improved-main-ants20-iterations5-epochs5-seed-43,improved,improved,project_improvement,main,20,5,5,43,5,,9,after_update,batch_size,2,128,128,2.378773440606892,0.6401506161612776,success
improved-main-ants20-iterations5-epochs5-seed-43,improved,improved,project_improvement,main,20,5,5,43,5,,9,after_update,activation,0,"""relu""","""relu""",0.2373046875,0.06821738134584372,success
improved-main-ants20-iterations5-epochs5-seed-43,improved,improved,project_improvement,main,20,5,5,43,5,,9,after_update,activation,1,"""tanh""","""tanh""",3.2413496205117553,0.9317826186541562,success
improved-main-ants20-iterations5-epochs5-seed-43,improved,improved,project_improvement,main,20,5,5,43,5,,9,after_update,optimizer,0,"""adam""","""adam""",0.2373046875,0.06821738134584372,success
improved-main-ants20-iterations5-epochs5-seed-43,improved,improved,project_improvement,main,20,5,5,43,5,,9,after_update,optimizer,1,"""rmsprop""","""rmsprop""",3.2413496205117553,0.9317826186541562,success
improved-main-ants20-iterations5-epochs5-seed-43,improved,improved,project_improvement,main,20,5,5,43,5,,9,after_update,learning_rate,0,0.0001,0.0001,0.2373046875,0.06386095427495933,success
improved-main-ants20-iterations5-epochs5-seed-43,improved,improved,project_improvement,main,20,5,5,43,5,,9,after_update,learning_rate,1,0.001,0.001,3.2413496205117553,0.8722780914500814,success
improved-main-ants20-iterations5-epochs5-seed-43,improved,improved,project_improvement,main,20,5,5,43,5,,9,after_update,learning_rate,2,0.01,0.01,0.2373046875,0.06386095427495933,success
